{
  "canvasCfg": {
    "adsorp": true,
    "adsorp_diff": 5,
    "color": "",
    "drag_offset": {
      "x": 0,
      "y": 0
    },
    "guide": true,
    "height": 1080,
    "img": "",
    "scale": 1,
    "transform_origin": {
      "x": 876,
      "y": 631
    },
    "width": 1920
  },
  "eventFlow": [],
  "eventList": [],
  "gridCfg": {
    "align": true,
    "enabled": true,
    "size": 10
  },
  "json": [
    {
      "active": false,
      "binds": [
        {
          "bind_attr": "props.text.val",
          "bind_id": "devA.current",
          "bind_mapping": [],
          "bind_name": "设备A-电流",
          "id": "uV3kLEcHpv",
          "pel_id": "text-vue-zlFAKpSJyf",
          "triggers": []
        }
      ],
      "binfo": {
        "angle": 0,
        "height": 30,
        "left": 79.98579025268555,
        "top": 96.00003051757812,
        "width": 120
      },
      "common_animations": {
        "delay": "delay-0s",
        "repeat": "infinite",
        "speed": "slow",
        "val": ""
      },
      "events": [],
      "hide": false,
      "id": "text-vue-zlFAKpSJyf",
      "lock": false,
      "ports": [],
      "props": {
        "fill": "rgba(9, 9, 8, 1)",
        "fontFamily": "黑体",
        "fontSize": 18,
        "text": "电流：",
        "vertical": false
      },
      "resize": true,
      "rotate": true,
      "tag": "text-vue",
      "title": "tag1",
      "type": "vue"
    },
    {
      "active": false,
      "binds": [
        {
          "bind_attr": "props.text.val",
          "bind_id": "devA.voltage",
          "bind_mapping": [],
          "bind_name": "设备A-电压",
          "id": "HUB8dtiRVi",
          "pel_id": "text-vue-S4BnRtJOzL",
          "triggers": []
        }
      ],
      "binfo": {
        "angle": 0,
        "height": 30,
        "left": 79.98579025268555,
        "top": 151.9801483154297,
        "width": 120
      },
      "common_animations": {
        "delay": "delay-0s",
        "repeat": "infinite",
        "speed": "slow",
        "val": ""
      },
      "events": [],
      "hide": false,
      "id": "text-vue-S4BnRtJOzL",
      "lock": false,
      "ports": [],
      "props": {
        "fill": "rgba(9, 9, 8, 1)",
        "fontFamily": "黑体",
        "fontSize": 18,
        "text": "电压：",
        "vertical": false
      },
      "resize": true,
      "rotate": true,
      "tag": "text-vue",
      "title": "tag2",
      "type": "vue"
    },
    {
      "active": false,
      "binds": [
        {
          "bind_attr": "props.text.val",
          "bind_id": "devA.power",
          "bind_mapping": [],
          "bind_name": "设备A-功率",
          "id": "ZeDDCAXWHL",
          "pel_id": "text-vue-7CG1Zf2vFE",
          "triggers": []
        }
      ],
      "binfo": {
        "angle": 0,
        "height": 30,
        "left": 79.98579025268555,
        "top": 209.9630889892578,
        "width": 120
      },
      "common_animations": {
        "delay": "delay-0s",
        "repeat": "infinite",
        "speed": "slow",
        "val": ""
      },
      "events": [],
      "hide": false,
      "id": "text-vue-7CG1Zf2vFE",
      "lock": false,
      "ports": [],
      "props": {
        "fill": "rgba(9, 9, 8, 1)",
        "fontFamily": "黑体",
        "fontSize": 18,
        "text": "功率：",
        "vertical": false
      },
      "resize": true,
      "rotate": true,
      "tag": "text-vue",
      "title": "tag3",
      "type": "vue"
    },
    {
      "active": false,
      "binfo": {
        "angle": 0,
        "height": 30,
        "left": 20.00001335144043,
        "top": 96.00003051757812,
        "width": 60
      },
      "common_animations": {
        "delay": "delay-0s",
        "repeat": "infinite",
        "speed": "slow",
        "val": ""
      },
      "events": [],
      "hide": false,
      "id": "text-vue-HNaTUjHKop",
      "lock": false,
      "ports": [],
      "props": {
        "fill": "rgba(89, 4, 31, 1)",
        "fontFamily": "黑体",
        "fontSize": 18,
        "text": "电流：",
        "vertical": false
      },
      "resize": true,
      "rotate": true,
      "tag": "text-vue",
      "title": "文字",
      "type": "vue"
    },
    {
      "active": false,
      "binds": [],
      "binfo": {
        "angle": 0,
        "height": 30,
        "left": 20.00001335144043,
        "top": 151.9801483154297,
        "width": 60
      },
      "common_animations": {
        "delay": "delay-0s",
        "repeat": "infinite",
        "speed": "slow",
        "val": ""
      },
      "events": [],
      "hide": false,
      "id": "text-vue-MHR4OrVExi",
      "lock": false,
      "ports": [],
      "props": {
        "fill": "rgba(89, 4, 31, 1)",
        "fontFamily": "黑体",
        "fontSize": 18,
        "text": "电压：",
        "vertical": false
      },
      "resize": true,
      "rotate": true,
      "tag": "text-vue",
      "title": "文字",
      "type": "vue"
    },
    {
      "active": false,
      "binds": [],
      "binfo": {
        "angle": 0,
        "height": 30,
        "left": 20.00001335144043,
        "top": 209.2954864501953,
        "width": 60
      },
      "common_animations": {
        "delay": "delay-0s",
        "repeat": "infinite",
        "speed": "slow",
        "val": ""
      },
      "events": [],
      "hide": false,
      "id": "text-vue-5Gfsyrs91o",
      "lock": false,
      "ports": [],
      "props": {
        "fill": "rgba(89, 4, 31, 1)",
        "fontFamily": "黑体",
        "fontSize": 18,
        "text": "功率：",
        "vertical": false
      },
      "resize": true,
      "rotate": true,
      "tag": "text-vue",
      "title": "文字",
      "type": "vue"
    },
    {
      "active": false,
      "binds": [
        {
          "bind_attr": "props.text.val",
          "bind_id": "devB.temp",
          "bind_mapping": [],
          "bind_name": "设备B-温度",
          "id": "p3Ha9EvtY2",
          "pel_id": "text-vue-yc9knLBWz3",
          "triggers": []
        }
      ],
      "binfo": {
        "angle": 0,
        "height": 30,
        "left": 327.9999809265137,
        "top": 96.00003051757812,
        "width": 120
      },
      "common_animations": {
        "delay": "delay-0s",
        "repeat": "infinite",
        "speed": "slow",
        "val": ""
      },
      "events": [],
      "hide": false,
      "id": "text-vue-yc9knLBWz3",
      "lock": false,
      "ports": [],
      "props": {
        "fill": "rgba(9, 9, 8, 1)",
        "fontFamily": "黑体",
        "fontSize": 18,
        "text": "温度：",
        "vertical": false
      },
      "resize": true,
      "rotate": true,
      "tag": "text-vue",
      "title": "tag4",
      "type": "vue"
    },
    {
      "active": false,
      "binds": [
        {
          "bind_attr": "props.text.val",
          "bind_id": "devB.humi",
          "bind_mapping": [],
          "bind_name": "设备B-湿度",
          "id": "6Ag66bl2hn",
          "pel_id": "text-vue-qzU6rDwVZD",
          "triggers": []
        }
      ],
      "binfo": {
        "angle": 0,
        "height": 30,
        "left": 327.9857597351074,
        "top": 151.9801483154297,
        "width": 120
      },
      "common_animations": {
        "delay": "delay-0s",
        "repeat": "infinite",
        "speed": "slow",
        "val": ""
      },
      "events": [],
      "hide": false,
      "id": "text-vue-qzU6rDwVZD",
      "lock": false,
      "ports": [],
      "props": {
        "fill": "rgba(9, 9, 8, 1)",
        "fontFamily": "黑体",
        "fontSize": 18,
        "text": "湿度：",
        "vertical": false
      },
      "resize": true,
      "rotate": true,
      "tag": "text-vue",
      "title": "tag5",
      "type": "vue"
    },
    {
      "active": false,
      "binds": [
        {
          "bind_attr": "props.text.val",
          "bind_id": "devB.switch",
          "bind_mapping": [],
          "bind_name": "设备B-开关",
          "id": "T42l0XEBGk",
          "pel_id": "text-vue-eKqnHI11pz",
          "triggers": [
            {
              "action": "changeAttr",
              "change_attr": [
                {
                  "id": "xGZ6iEEUWd",
                  "target_attr": "props.fill.val",
                  "target_id": "text-vue-eKqnHI11pz",
                  "target_value": "#80FF00"
                }
              ],
              "custom_code": "",
              "id": "vvTsFTCK8D",
              "rule": {
                "operator": "=",
                "value": "true"
              }
            },
            {
              "action": "changeAttr",
              "change_attr": [
                {
                  "id": "xigdnyLLZi",
                  "target_attr": "props.fill.val",
                  "target_id": "text-vue-eKqnHI11pz",
                  "target_value": "#070000"
                }
              ],
              "custom_code": "",
              "id": "jZTzlnBw3j",
              "rule": {
                "operator": "=",
                "value": "false"
              }
            }
          ]
        }
      ],
      "binfo": {
        "angle": 0,
        "height": 30,
        "left": 327.9857597351074,
        "top": 209.6363983154297,
        "width": 120
      },
      "common_animations": {
        "delay": "delay-0s",
        "repeat": "infinite",
        "speed": "slow",
        "val": ""
      },
      "events": [],
      "hide": false,
      "id": "text-vue-eKqnHI11pz",
      "lock": false,
      "ports": [],
      "props": {
        "fill": "rgba(9, 9, 8, 1)",
        "fontFamily": "黑体",
        "fontSize": 18,
        "text": "开关：",
        "vertical": false
      },
      "resize": true,
      "rotate": true,
      "tag": "text-vue",
      "title": "tag6",
      "type": "vue"
    },
    {
      "active": false,
      "binds": [],
      "binfo": {
        "angle": 0,
        "height": 30,
        "left": 267.9999828338623,
        "top": 96.00003051757812,
        "width": 60
      },
      "common_animations": {
        "delay": "delay-0s",
        "repeat": "infinite",
        "speed": "slow",
        "val": ""
      },
      "events": [],
      "hide": false,
      "id": "text-vue-vPnVKl1Q8j",
      "lock": false,
      "ports": [],
      "props": {
        "fill": "rgba(89, 4, 31, 1)",
        "fontFamily": "黑体",
        "fontSize": 18,
        "text": "温度：",
        "vertical": false
      },
      "resize": true,
      "rotate": true,
      "tag": "text-vue",
      "title": "文字",
      "type": "vue"
    },
    {
      "active": false,
      "binds": [],
      "binfo": {
        "angle": 0,
        "height": 30,
        "left": 267.9999828338623,
        "top": 151.9801483154297,
        "width": 60
      },
      "common_animations": {
        "delay": "delay-0s",
        "repeat": "infinite",
        "speed": "slow",
        "val": ""
      },
      "events": [],
      "hide": false,
      "id": "text-vue-Gm1qpPjL25",
      "lock": false,
      "ports": [],
      "props": {
        "fill": "rgba(89, 4, 31, 1)",
        "fontFamily": "黑体",
        "fontSize": 18,
        "text": "湿度：",
        "vertical": false
      },
      "resize": true,
      "rotate": true,
      "tag": "text-vue",
      "title": "文字",
      "type": "vue"
    },
    {
      "active": false,
      "binds": [],
      "binfo": {
        "angle": 0,
        "height": 30,
        "left": 267.9999828338623,
        "top": 208.96876525878906,
        "width": 60
      },
      "common_animations": {
        "delay": "delay-0s",
        "repeat": "infinite",
        "speed": "slow",
        "val": ""
      },
      "events": [],
      "hide": false,
      "id": "text-vue-tANIT2tDRE",
      "lock": false,
      "ports": [],
      "props": {
        "fill": "rgba(89, 4, 31, 1)",
        "fontFamily": "黑体",
        "fontSize": 18,
        "text": "开关：",
        "vertical": false
      },
      "resize": true,
      "rotate": true,
      "tag": "text-vue",
      "title": "文字",
      "type": "vue"
    },
    {
      "active": false,
      "binfo": {
        "angle": 0,
        "height": 50,
        "left": 21.985794067382812,
        "top": 20,
        "width": 130
      },
      "common_animations": {
        "delay": "delay-0s",
        "repeat": "infinite",
        "speed": "slow",
        "val": ""
      },
      "events": [],
      "hide": false,
      "id": "now-time-vue-w0fPpGEfrx",
      "lock": false,
      "ports": [],
      "props": {
        "dateSize": 12,
        "fontColor": "#000000",
        "timeSize": 24,
        "weekSize": 12
      },
      "resize": true,
      "rotate": true,
      "tag": "now-time-vue",
      "title": "当前时间",
      "type": "vue"
    },
    {
      "active": false,
      "binds": [],
      "binfo": {
        "angle": 0,
        "height": 50,
        "left": 14.985794067382812,
        "top": 260,
        "width": 130
      },
      "common_animations": {
        "delay": "delay-0s",
        "repeat": "infinite",
        "speed": "slow",
        "val": ""
      },
      "events": [
        {
          "action": "customCode",
          "change_attr": [],
          "custom_code": "",
          "event_flow_ids": [],
          "id": "5Zq2ZeJMsx",
          "trigger_rule": {
            "value": null
          },
          "type": "click"
        }
      ],
      "hide": false,
      "id": "sys-button-vue-7vq4B7IRTi",
      "lock": false,
      "ports": [],
      "props": {
        "round": false,
        "text": "按钮文本",
        "type": "primary"
      },
      "resize": true,
      "rotate": true,
      "tag": "sys-button-vue",
      "title": "按钮",
      "type": "vue"
    },
    {
      "active": false,
      "binds": [
        {
          "bind_attr": "props.isOn.val",
          "bind_id": "devB.switch",
          "bind_mapping": [],
          "bind_name": "设备B-开关",
          "id": "oNtI7XE7sV",
          "pel_id": "customSwitch-Ea20VXhlOz",
          "triggers": []
        }
      ],
      "binfo": {
        "angle": 0,
        "height": 60,
        "left": 20,
        "top": 350,
        "width": 150
      },
      "common_animations": {
        "delay": "delay-0s",
        "repeat": "infinite",
        "speed": "slow",
        "val": ""
      },
      "events": [],
      "hide": false,
      "id": "customSwitch-Ea20VXhlOz",
      "lock": false,
      "ports": [],
      "props": {
        "isOn": false,
        "thumbColor": "#42b983",
        "trackColor": "#CCCCCC"
      },
      "resize": true,
      "rotate": true,
      "tag": "customSwitch",
      "title": "自定义开关",
      "type": "custom-svg"
    },
    {
      "active": false,
      "binds": [
        {
          "bind_attr": "props.showLine2.val",
          "bind_id": "devA.switch",
          "bind_mapping": [],
          "bind_name": "设备A-开关",
          "id": "4Zshx2nvZT",
          "pel_id": "threeCircle-tQ4iwsa10J",
          "triggers": []
        }
      ],
      "binfo": {
        "angle": 0,
        "height": 80,
        "left": 240,
        "top": 340,
        "width": 80
      },
      "common_animations": {
        "delay": "delay-0s",
        "repeat": "infinite",
        "speed": "slow",
        "val": ""
      },
      "events": [],
      "hide": false,
      "id": "threeCircle-tQ4iwsa10J",
      "lock": false,
      "ports": [],
      "props": {
        "circleFill": "#FF0000",
        "pathFill1": "#00FF00",
        "pathFill2": "#0000FF",
        "pathFill3": "#FFFF00",
        "showLine2": true
      },
      "resize": true,
      "rotate": true,
      "tag": "threeCircle",
      "title": "三色线段圆形",
      "type": "custom-svg"
    },
    {
      "active": false,
      "binfo": {
        "angle": 0,
        "height": 70,
        "left": 20,
        "top": 450,
        "width": 170
      },
      "common_animations": {
        "delay": "delay-0s",
        "repeat": "infinite",
        "speed": "slow",
        "val": ""
      },
      "events": [
        {
          "action": "customCode",
          "change_attr": [],
          "custom_code": "$mtElMessage.success(\"成功\")",
          "event_flow_ids": [],
          "id": "ojSyfwgRP5",
          "trigger_rule": {
            "value": null
          },
          "type": "click"
        }
      ],
      "hide": false,
      "id": "button1-lwkFGRYCWv",
      "lock": false,
      "ports": [],
      "props": {
        "bgColor": "#44B6E7",
        "fontFamily": "黑体",
        "text": "按钮"
      },
      "resize": true,
      "rotate": true,
      "tag": "button1",
      "title": "按钮1",
      "type": "vue"
    }
  ]
}